0,want go see flatlin bad
1,watch flatlin ? — omg https:// curiouscat.me/watermelonbag/ post/217859841?t=1507852679 …
2,necesito ver flatlin con toda mi alma
3,cinema see beauti queen @ninadobrev @flatlinersmovi can't wait watch movieee pic.twitter.com/bozot4jet8
4,movi flatlin seem good want go watch tomorrow!
5,ha gustado un vídeo de @youtub ( http:// youtu.be/xedv7fckkc8?a - flatlin : ¿la peor película del año?).
6,went see flatlin friend wasn't good like didn't suck expect much
7,saw #flatlin 2nt (brill btw) 5 min i'm think @ninadobrev alway storylin peopl crash bridg #missvd
8,immers world #flatlinersmovi - click experi now! http:// bit.ly/flatliners360 pic.twitter.com/wxacpesm6m
9,"hahaha yeah, pretti great, got flatlin remak"
10,flatlin : pic.twitter.com/59u0d436w1
11,gustó un video de @youtub http:// youtu.be/nc5daeb4fmo?a flatlin - movi review
12,"acho que vou pegar um cinema semana que vem,tenho que ver flatlin e happi death day"
13,quiero ir ver flatlin !
14,estava eu assistir à mtv.... #flatlin @ninadobrev pic.twitter.com/xamfrxleax
15,"flatlin origin já é um film ruim, imagina remak"
16,#estreno ::: #líneamort : al límite ( #flatlin ). http://www. cineymas.com.ar/2017/10/linea- mortal-al-limite-flatliners/ … pic.twitter.com/ne0dffhxqp
17,#trailer ::: #líneamort : al límite ( #flatlin ). https:// youtu.be/3-73e8rbe28
18,wanna see flatlin soo bad
19,"ayer, ""kingsman"". hoy, "" flatlin """
20,"#flatlin stuck weird place. market horror ""lite"" end horror thriller forgett performances. ★★✰✰✰ pic.twitter.com/ginbirngkk"
21,"went see flatlin sav, end see earli show death day"
22,highli recommend movi flatlin
23,open 10/13/17 1. happi death day 2. mountain us 3. blade runner 2049 2d 4. american made 5. 6. flatlin / lego ninjago 2d
24,trailer de flatlin passando na minha tv berrooo
25,well..... flatlin good diego luna rep otherwis meh toronto.
26,"si ya vieron #flatlin , lo invito que lean mi opinión sobr el film en esta review que hice para lo siempr genio de @cinescondit . https:// twitter.com/cinescondite/ tatus/918535027859877889 …"
27,ticket please! #moviereview vernor rodger #geraldsgam #flatlin #dwell ... http:// fb.me/2a8dogwsx
28,"""além da morte"" ( flatlin 2017) com nina dobrev, entra para os 50 horror remak com maior bilheteria. saiba mais: http:// conexaodobrev.com.br/alem-da-morte- flatliners-com-nina-dobrev-entra-para-os-50-horror-remake-com-maior-bilheteria/ … pic.twitter.com/dnh2oeatqr"
29,i’ll honest: 4% rottentomato rate flatlin make want see more. https://www. rottentomatoes.com/m/flatliners_2 017/ …
30,flatlin worth scene toronto alon
31,flatlin movi trip! #flatlin
32,flatlin !!!
33,"blade runner & would steer clear flatlin , snowman & ritual"
34,heard great thing bladerunn watch 1st movi first. heard flatlin aw & aa meh. https:// twitter.com/taronegrtns/st atus/918599375512731648 …
35,flatlin film align w/ love vincent don’t want friday 13th strike + flatlin last film ever watch
36,"rodrigo maia mandou na saveiro rebaixada: flatlin (33), american footbal (21), polar bear club (16)"
37,ouvindo cd novo flatlin ness feriado e vibe ta gostosinha
38,um filmão dess #flatlin pic.twitter.com/qemtbpl7o
39,https:// soundcloud.com/missed-the-boa t/flatlin … made fuckin' podcast flatlin . follow soundcloud episodes!
40,wanna go see flatlin
41,"passou uma propaganda de flatlin na tv, nina jajskskaaaa ai que orgulho"
42,need someon see flatlin go movi world fright night
43,flatlin - trailer ofici [legendado pt-br] quero https://www. youtube.com/watch?v=uko0rw xc6wg&feature=shar …
44,flatlin #ifhousingmadefilm
45,like @youtub video http:// youtu.be/j1mhuy73eey?a flatlin - movi review
46,like @youtub video http:// youtu.be/e1c3c6b4i90?a flatlin (1990) vs flatlin (2017) : movi feud
47,flatlin may either bladerunn one. *shrug emoji* #formatshift
48,flatlin (2017) http:// cinemusefilms.com/2017/10/12/fla tliners-2017/ … pic.twitter.com/ryjruaiygb
49,rememb younger. probabl would thought flatlin would good movi see theaters. i'v learn lot since.
50,pero ganá abrazos. https:// twitter.com/cocinsa/statu /500063757616553984 … te recordamo que hoy estrenamo #flatlin .
51,"#flatlin está genial, la altura de la origin saludo desd argentina"
52,#flatlin movie... let' see goes.
53,#pressplay latest review round-up #kingsman2 #flatlin #mothermovi #leatherfac #longshot #geraldsgam https:// buff.ly/2ygj3yk
54,tfw flatlin trailer alon look bad u wanna die resuscit
55,"saw #flatlin today, cool movie."
56,flatlin look bad lmao
57,y’all seen origin flatlin ?
58,"i'm alon show flatlin , thought old one"
59,"gut miss flatlin show tonight, saw video whole 2 peopl sing along eulogy."
60,flatlin estuvo increíble! https:// twitter.com/rcinematograf/ status/918544385041715202 …
61,"aunque. . . "" flatlin "" tambien hace eco."
62,flatlin كتيييير حلو https:// twitter.com/arabqoute/stat us/918582239360880640 …
63,pleas tell biggest cinema chain ain’t show flatlin anywher local me. fulli don’t make sens
64,"banner pilot, mask intruder, flatlin , joyc manor, falcon, worriers, pear"
65,tal vez #flatlin le vaya mejor en taquilla aquí en mexico pue porqu diego luna lo mexicano debemo estar unido #fuerzamexico
66,hoy se estrena @flatlinersmovi ! http://www. mundotkm.com/no-editorial/2 017/10/12/linea-mortal-al-limite-famosos/ …
67,un experimento que saldrá como lo esperaban... flatlin hoy en nuestra salas. http://www. cinepolis.com.hn pic.twitter.com/27ttj8zr6i
68,flatlin good movi
69,somebodi take go see flatlin
70,esta semana @stividetivi se juntó con @2shi #saliendodelcin hablaron sobr #líneamortalallimit #flatlin https:// youtu.be/gz-bgd7suua pic.twitter.com/2dbbrxiyy3
71,flatlin https:// twitter.com/4lostinkuwaitx /status/918574583091027968 …
72,unrealist bit flatlin ellen page kiss boy
73,trailer subtitulado del thriller #flatlin (2017) http:// fb.me/2onp1dz2q
74,flatlin !....... movi watch
75,"mean appar guy makewar know "" flatlin babe"" point dude talk"
76,want watch #flatlin
77,hope ruin. see flatlin .
78,#ifhousingmadefilm flatlin .
79,"flatlin bomb ass movie, definit must see"
80,"landlord rings, flatlin , pulp eviction, shaun bedsit, homeless seattle, forrest gazump #ifhousingmadefilm pic.twitter.com/g2r6zmqbnj"
81,"fri 9 pm: anti-nowher leagu + borrow time + dirti outlaws, hooch grove company, flatlin http:// swindonguide.org.uk/calendar/2017/ 10#2017-10-12 …"
82,i'm go watch flatlin i'll know.
83,listen https:// therev.ca / #yyt playing: eulog - flatlin
84,#film review: flatlin (2017) https:// hashtagfilm.wordpress.com/2017/10/12/fil m-review-flatliners-2017/ …
85,it' hard trust reboot days. *look flatlin *
86,flatlin realli great realiz one blond actress one izombie.
87,unfair alreadi sit flatlin once!!
88,"flatlin , meh"
89,con est clima creo que mejor voy ver el estreno de flatlin
90,spoken like person didn't see flatlin .
91,"alas, it' double-featur flatlin . here' good brave is: it' worth sit flatlin get it."
92,"si chinguen, que necedad de hacer un remak de flatlin . su mamadas."
93,"even it’ independ day: resurgence? flatlin 2017? cause, pretti bad. (kidding)"
94,go flatlin bump! (i kind like flatlin )
95,flatlin happi death day? hmm.
96,tours: menzingers/tig jaw/th flatlin /worrier (east coast) https:// goo.gl/fb/4459d9
97,"flatlin & alloy track sound design | alloy track - trailer music, game music, film, tv, advertising. https:// lnkd.in/gpy-azd"
98,#ifhousingmadefilm council flatlin
99,"flatlin & alloy track sound design | alloy track - trailer music, game music, film, tv, advertising. http:// fb.me/27vleais5"
100,flatlin - trailer (check video amplifi wildspark: https:// l.wildspark.me:8000/rk7fqra2b )
101,quiero ver el remak de flatlin .
102,"new movi listings! follow movi play friday, octob 13th, thursday, octob 19th. @bladerunn @flatlinersmovi pic.twitter.com/sxewcwiafc"
103,went movi see flatlin girl last night kept scream friend would scream could stop laughin
104,hay un efecto en snap de flatlin grité
105,electro-cardio games. review new ‘remake’ flatlin here… https:// nuts4r2.blogspot.co.uk/2017/10/flatli ners-2017.html …
106,#flatlin
107,"#podcast : take look brilliant @netflixuk horror #geraldsgam , well limp #flatlin reboot. http://www. thepopcornmuncher.com/2017/10/12/pod cast-netflix-geralds-game-stephen-king/ … pic.twitter.com/gbld6axi8k"
108,flatlin #ifhousingmadefilm
109,"sony' firefight drama, brave, sneak preview 604 theater weekend doubl featur flatlin ."
110,"i'd expect see blade runner one screen cinema. flatlin , ritual, snowman, probabl it."
111,like @youtub video http:// youtu.be/qds374o3tma?a flatlin 2017 - movi review (non-spoilers) | remak good bad?
112,llega otro remak de una película de 1990: flatlin . @diegoluna_ @ellenpag experimentando con la muert https:// youtu.be/zzxx1bvgee
113,"i'm i'm gonna go see foreigner, happi death day, flatlin"
114,"fri 8 pm: anti-nowher leagu + support, 5-a-sid football, simon day, anti-nowher league, flatlin , http:// swindonguide.org.uk/calendar/2017/ 10#2017-10-12 …"
115,cine ( flatlin ) con mi nena @2898juliana
116,watch flatlin (1990) it' forgiv past demon won't haunt later.
117,flatlin remak good? https:// prescient.info/xepolpnh/
118,tours: menzingers/tig jaw/th flatlin /worrier (east coast) http:// ift.tt/2ydmygi
119,. #flatlin ? scientist found soul doesn’t die – goe back univers https:// simplecapacity.com/2016/12/resear chers-finally-confirm-there-is-life-after-death/ …
120,tours: menzingers/tig jaw/th flatlin /worrier (east coast) http:// ift.tt/2ydmygi pic.twitter.com/o1fyy9q0z3
121,flatlin
122,anyon see movi flatlin ?
123,"el grado de chatura mental del programa de pamelichu. maigad! lo que es chupar la correcta, nosierto? #flatlin pic.twitter.com/wuytkhg2yu"
124,like @youtub video http:// youtu.be/lsbelncxrjw?a everyth wrong flatlin (1990) 10 minut less
125,low key love foreign man flatlin
126,flatlin (for wet weekends) #ifhousingmadefilm
127,outright refus believ ‘snowman’ abomin everyon make out. i’d take ‘ flatlin ’-bad.
128,"""our sin come back physic form... they'r pissed."" #flatlin pic.twitter.com/oiehuitmmw"
129,#opinión | la nueva versión de flatlin resulta mejor que la origin http:// bit.ly/2xa7jcx < @elsalonrojo pic.twitter.com/glg8a0ckoi
130,free kitten movi guide: blu-ray review: flatlin (1990): steelbook editi... http:// freekittensmovieguide.blogspot.com/2017/09/blu-ra y-review-flatliners-1990.html?spref=tw …
131,tours: flatlin /a wilhelm scream (canada) https:// goo.gl/fb/aq3pek
132,like @youtub video http:// youtu.be/lsbelncxrjw?a everyth wrong flatlin (1990) 10 minut less
133,flatlin tour wilhelm scream celebr 10th anniversari > http:// punkonline.co.uk/the-flatlin -tour-with-a-wilhelm-scream-to-celebrate-the-10th-anniversary/ … @theflatlin pic.twitter.com/ndqcx6w8ri
134,flatlin
135,"""today good day die."" #flatlin (1990) director: joel schumach cinematography: jan de bont pic.twitter.com/tplwqx61fq"
136,"fri 7 pm: arlene! glitz. glamour. gossip, judwaa 2, njandukalud nattil oridavela, flatlin http:// swindonguide.org.uk/calendar/2017/ 10#2017-10-12 …"
137,não acredito que eu n vi flatlin até hoje eu preciso ver mano
138,un experimento que saldrá como lo esperaban... flatlin hoy en nuestra salas. http://www. cinepolis.com.gt pic.twitter.com/zyvmnhspmb
139,un experimento que saldrá como lo esperaban... flatlin hoy en nuestra salas. http://www. cinepolis.com.sv pic.twitter.com/06uyadytui
140,un experimento que saldrá como lo esperaban... flatlin hoy en nuestra salas. http://www. cinepolis.co.cr pic.twitter.com/ajlayefpkp
141,mañana veo flatlin osea mañana vuelvo ver nina actuar
142,win ‘ flatlin ’ movi merchandis http://www. thehollywoodnews.com/2017/09/29/win -flatliners-movie-merchandise/ …
143,realli tire remak actor think it' okay make them. smdh
144,flatlin (1999) trailer https:// trailershq.com/2015/09/23/fla tliners-1999-trailer/ …
145,"crítica del amigo @guidov94 para #flatlin , con @ellenpag @diegoluna_ @ninadobrev @kierseyclemon @jginorton http://www. cinescondite.com/2017/10/12/cri tica-de-flatliners-linea-mortal-al-limite/ …"
146,flatlin main charact put coma til trump presid
147,"don't want promot drug anything...,. everyon smoke one go watch flatlin right"
148,"billi made watch flatlin without tell horror, never stress"
149,"tengo mucha gana de ir al cine ver flatlin pero seguro como es algo que gusta mi, termina siendo una mierda."
150,tours: flatlin /a wilhelm scream (canada) http:// ift.tt/2yjgamm
151,"""no one' ever come back that..."" trill descend terror death-defi trailer flatlin ... http:// fb.me/7f9ypa3hq"
152,tours: flatlin /a wilhelm scream (canada) http:// ift.tt/2yjgamm pic.twitter.com/cgvppxoo5o
153,circl shit watch flatlin speak
154,tour flatlin wilhelm scream | https:// goo.gl/m8cebk | #sodawat pic.twitter.com/2lyzdazkd5
155,need see remak theater watch origin ' flatlin ' tonight comfort couch? pic.twitter.com/tvgfzr4xbb
156,yo tenía gana de ver @flatlinersmovi pero como que la crítica generalizada están chidas... #esunalastima
157,‘ flatlin ’ stinks. @robbiebarstool join us talk it. subscribe: http:// itunes.apple.com/us/podcast/lig hts-camera-podcast/id1279516571 … @trillballin @lcpkenjac @jeffdlow pic.twitter.com/woifbpsc7u
158,new! flatlin : thing stay 90 - review @akemicorinn https://www. filminquiry.com/flatliners-201 7-review/ … pic.twitter.com/zlhewyrhf0
159,"il s'apprêt à dépasser se limites. retrouvez jami dan #lexpérienceinterdit #flatlin , au cinéma le 22 novem… https:// twitter.com/i/web/status/9 18521652274651136 …"
160,news: tours: flatlin / wilhelm scream - http:// thepunksite.com/news/tours-th -flatliners-a-wilhelm-scream/ …
161,"il s'apprêt à dépasser se limites. retrouvez jami dan #lexpérienceinterdit #flatlin , au cinéma le 22 novembre. pic.twitter.com/s73s76wvil"
162,flatlin & american assassin come 18 oct hai
163,ถ้าไม่ขัดใจกับวิธีการเล่าเรื่องแบบโบราณกับความไม่สมจริงบางอย่าง เราว่า flatlin 1990 ก็เป็นหนังอีกเรื่องที่สนุกเลยนะ แล้วจูเลียก็สวยมากๆ pic.twitter.com/r4uquhvjlw
164,oh knew origin flatlin releas 1990 cool
165,reduced: sackvil lose flatlin 3d version lego ninjago movi friday. still @scotiabank + dartmouth.
166,hay filtro de flatlin en snap hoy olvidens de que use cualquier otro
167,can't wait see flatlin bestiee
168,"เห็น trailer เรื่อง flatlin ก็เลยไปหาข้อมูลดู ตัวอย่างหนังดึงดูดเรามากๆตรงที่ตั้งคำถามว่า ""ตายแล้วไปไหน"" https:// youtu.be/gudv0cuzg0k"
169,watch flatlin - 2017 vue cinema westfield http:// fb.me/5gamijgc
170,watch flatlin love! was....okay.....
171,"look good. went see #flatlin instead, due time. bad."
172,flatlin full movi (2017) watch onlin free http:// ed.ted.com/on/fvycillg via @ted_
173,coward & dont like 'scary' movi im brave & watch #flatlin caus @ninadobrev it' that much luv
174,"we'r live talk entertain news, new blade runner flatlin . plu great tunes. tune in, like."
175,design afterlife: behind sound flatlin http:// ift.tt/2yh0txi
176,show na pala flatlin huhu
177,"fri 5 pm: mountain us, lego ninjago movie, goodby christoph robin, flatlin , mother!, http:// swindonguide.org.uk/calendar/2017/ 10#2017-10-12 …"
178,może tak flatlin jako przekąska dla onych
179,like @youtub video http:// youtu.be/ndomm1cr78y?a flatlin 2017 movi review - doubl toast
180,flatlin geostorm
181,mpr podcast ep 302 - flatlin http:// ow.ly/qufl30fpeo5
182,realli wna watch flatlin !!!!
183,flatlin film review https:// michellepatte.wordpress.com/2017/10/12/fla tliners-film-review/ … via @wordpressdotcom
184,"hi john went see flatlin burbank, think better origin still problems, thought it?"
185,heard piec new flatlin love :( https:// open.spotify.com/track/48ahuwpq 4ljscyyga02bac …
186,"se estrenó flatlin , necesito ir verla"
187,flatlin . tue 17 oct https:// is.gd/nbypy6 #newcastleupontyn
188,"#lineamort #flatlin en #cinesiglonuevo #león , #est , #chinandega #lasbrisa , #managua . tanda en: https:// goo.gl/tfmvbg pic.twitter.com/wi5cmmqjug"
189,répons : flatlin de joel schumach - trouvé par @fuckcinephil bien joué ! pic.twitter.com/j2vi0jsi6x
190,watch flatlin
191,flatlin . tue 17 oct https:// is.gd/mtmjrc #newcastleupontyn
192,shit may flatlin geostorm na pota buka ka sakin <3 hahahaha
193,can’t wait watch #flatlin omg
194,กำลังพิจารณาอยู่ว่า flatlin น่าดูไหม
195,"flatlin open friday! fri & sat: (12:45), (3:55), 6:40, 9:50 sun - thu: (12:45), (3:55), 6:40 http:// fb.me/gmxnlnxh"
196,อีก 1 สัปดาห์! เตรียมพบกับการทดลองตายไปกับพวกเค้าได้ใน #flatlin “ขอตายแค่วูบเดียว” 19 ตุลาคมนี้ ในโรงภาพยนตร์ทั้งในระบบปกติและ 4dx pic.twitter.com/jp3t3bsp6
197,"lo que opino de #flatlin , el remak de la noventera con diego luna. https:// twitter.com/ejecentral/sta tus/918484258645098496 …"
198,"hoy se estrena el ""remake"" de flatlin voy ir."
199,#opinión | flatlin : la muert como droga http:// bit.ly/2xa7jcx < @elsalonrojo pic.twitter.com/st0gpw0dd
200,flatlin offici trailer #1 (2017) https:// youtu.be/emwqp-kkvb0 via @youtub watch @clararosamariaa
201,se estrenó flatlin necesito verla
202,"fri 3 pm: flatlin , american made, victoria & abdul, lego ninjago movie, blade runner 2049, mother! http:// swindonguide.org.uk/calendar/2017/ 10#2017-10-12 …"
203,#buenosdía #juevesdecinito te trae #flatlin uno que otro dato de esta película. #felizjuev pic.twitter.com/lxxfjrjblt
204,flatlin wilhelm scream ticket opera hous toronto | https:// goo.gl/nbouvz | #concertticket pic.twitter.com/bz363ggb6m
205,"¡bueeeeeenooo díaaaas! hoy es #juevesdeestreno el cuerpo lo sabe... estrenamos: flatlin , condorito, home u.k. (cinemas). pic.twitter.com/sigmp22a0r"
206,american assassin & flatlin flop hard pic.twitter.com/h6wctebq6m
207,enter win flatlin prize pack! http:// ul.ink/95et-4ft0dr_t
208,en españa han traducido flatlin “enganchado la muerte” xd sin comentario
209,@robbiebarstool join @lightscamerapod week talk ' flatlin ' & #thelastjedi . great. subscribe: http:// itunes.apple.com/us/podcast/lig hts-camera-podcast/id1279516571 … pic.twitter.com/zqp8x2xqiw
210,* flatlin *
211,"what` anoth name flatlin ? what? late night ""comedy"" hosts!"
212,episod 6 guest @robbiebarstool join talk @starwar : #thelastjedi trailer ' flatlin .' http:// itunes.apple.com/us/podcast/lig hts-camera-podcast/id1279516571 … pic.twitter.com/jibnticbhm
213,"anyon want two free ticket flatlin @thehopeandruin #brighton tonight? can't make it, frustratingly."
214,"hoy se estrena #flatlin en argentina, que lindo saber que puedo disfrutar @ninadobrev en pantalla grand"
215,uitându-s la flatlin la inspir cinema http:// fb.me/fdzwe59c
216,#pressplay latest review round-up. #kingsman2 #flatlin #mothermovi #leatherfac #longshot #geraldsgam https:// buff.ly/2y9utlh
217,mani peopl ask regret bail flatlin watch bladerunner. hater shock hear answer https:// twitter.com/chadtheiss/sta tus/918467841615069184 …
218,open tonight: - marshal - happi death day close today: - kingsman: golden circl - flatlin pic.twitter.com/qzlfx8ilxq
219,@lightscamerapod great ep. particularli love @lcpkenjac flatlin segment. didn’t realli care stuff though
220,10/15(sun)18:30~ kd japon（鶴舞） live: toddl flatlin 2500yen/3000yen(d別）
221,ลังเลกับ flatlin ดูไม่ดู ดูไม่ดู รู้ว่าห่วยแต่อยากดู
222,gusto ko mapanuod yung flatlin . mayb saturday night. kkb! haha
223,"tmrw: ‘ flatlin ’ - haven’t live you’v died. ellen page, diego luna. @flatlinersmovi http:// numet.ro/flatlin pic.twitter.com/6w6onvagmg"
224,flatlin good wow.
225,it’ final show @itmovieoffici evening.. tomorrow bring @flatlinersmovi 7.30pm #aberystwyth pic.twitter.com/bffxo8xjqb
226,glad like movie! enjoy make it:-)
227,flatlin review - noth linger memori longer trippi dream #flatlinersmovi : http:// nomajesty.com/flatliners-rev iew-2017/ … pic.twitter.com/jjqiymfiil
228,"menzing announc show tiger jaw, worrier & flatlin http://www. brooklynvegan.com/the-menzing -announce-shows-with-tigers-jaw-worriers-the-flatliners/ … pic.twitter.com/p0ygwv29in"
229,flatlin premier screen pass giveaway http:// klips.says.com/giveaways/flat liners-premiere-screening-passes-giveaway … via @saysdotcom
230,think wanna see flatlin weekend
231,click #win movi merchandis flatlin @heyuguy https://www. heyuguys.com/win-movie-merc handise-flatliners/ …
232,อยากดู #geostorm กับ #flatlin
233,quero assistir flatlin e mort te dá parabén
234,คุณคิดว่าการที่พวกเค้ากำลังทดลองตายกันเป็นเรื่องที่ควรทำมั้ย? #flatlin 19 ต.ค. นี้ในโรงภาพยนตร์ pic.twitter.com/07w7vencfl
235,ghsostbust good i'm fairli sure avoid flatlin .
236,ep 6 @lightscamerapod live ft man myth legend @robbiebarstool talk flatlin tlj w/ us https:// itunes.apple.com/us/podcast/lig hts-camera-podcast/id1279516571 … pic.twitter.com/fpe2edaeoh
237,"nw: flatlin @grabph thank vip ticket #grabforwork (@uptown cinema taguig, rizal) https://www. swarmapp.com/c/doedp81qhf1"
238,estreno #laseñorahaidi #kingsman #elfuturoquevien #flatlin @hastalavistaok #buenjuev pic.twitter.com/8iakvysb4p
239,flatlin one best movi watched! definit go watch sunday. #flatlinersmovieexperi #flatlin
240,"fri 12 pm: flatlin , mother!, victoria & abdul, lego ninjago movie, blade runner 2049, logan lucky, http:// swindonguide.org.uk/calendar/2017/ 10#2017-10-12 …"
241,movi rate flatlin 8/10 #movi #wanderlust #october012017 … https://www. instagram.com/p/baiyd1hlntg/
242,ya mismo en @noticentrowapa hablar de la nueva flatlin pic.twitter.com/2njcxbwjnh
243,flatlin shake & win http:// fb.me/90ou6niar
244,don’t understand flatlin (remake) 4% rotten tomato like end kind suck still pretti terrifying??
245,i’m go brave remak flatlin either today tomorrow. heard good thing
246,""" flatlin trailer #1 (2017) | movieclip trailer - youtube"" https://www. youtube.com/watch?v=a1s52i 5zvli … 『フラットライナーズ』のリメイクおもしろそうだなー。評判よくないみたいだけど。"
247,น่าดูแบบมากๆๆๆ #flatlin
248,"worst part ‘ flatlin ’ wasn’t even terribl end aw acting, chuck £1000 macbook river"
249,alguien lleva ver flatlin porfi
250,click #win movi merchandis flatlin @heyuguy https://www. heyuguys.com/win-movie-merc handise-flatliners/ …
251,"watch flatlin , happi death day, tomorrow ?"
252,#flatlin 1 maand te zien de bioscoop! 9 november. pic.twitter.com/kfqcdq8ezt
253,flatlin review: http:// youtu.be/hgdpuhbt9zq?a via @youtub
254,"vece agradezco lo anuncio de youtube: acabo de ver el trailer de flatlin . vaya puta pasada, ellen page"
255,king' watch flatlin (2017) https:// trakt.tv/movies/flatlin ers-2017 … #flatlinersmovi #trakt
256,"watch origin flatlin first time years. great movie! kiefer sutherland, kevin bacon & julia roberts."
257,* flatlin
258,absolut love @flatlinersmovi @ninadobrev absolut idol!
259,watch flatlin i'm scare shower.
260,flatlin _ftr_s_en-xx_ov_51-dbox_2k_spe_20170915_dtb_iop_ov
261,like @youtub video http:// youtu.be/gc8jsbmwguu?a midnight screen - flatlin
262,"flatlin great awak wilhelm scream career suicid wednesday, | https:// goo.gl/ze6jtl | #livemus pic.twitter.com/eovct0jzm8"
263,flatlin offici trailer #1 2017 sci fi movi trailer hd: http:// youtu.be/cvuwxuihzrk?a via @youtub
264,sy mahu hadir di premier budiey menonton filem flatlin kerana teruja dgn plot cita flatlin ni. #premierewithbudiey #flatlinersmi
265,saan pede manood ng flatlin ?
266,free tiket ! nak menang tiket untuk menonton flatlin ? berik lah slogan yang pale menarik dalam link tok k !... http:// fb.me/1qgenfm2h
267,@smiggyboi watch #flatlin . total worth watch. jump questions. total type film would watch
268,"access cinema! subtitled: kingsman, flatlin , goodby christoph robin, parti & more! http://www. yourlocalcinema.com/films.html retweet?"
269,wanna go see flatlin
270,flatlin tita miss tita @renalizaalont & @kristintinjoy
271,omg!!! show na yung flatlin cold moon geostorm irregular magic high school movi sa sm cinema! idk watch first.
272,"flatlin ticket alex bar long beach thursday, decemb 14 | https:// goo.gl/lkrvh9 | #livemus pic.twitter.com/hlfd2fvsf5"
273,et attend le remak de flatlin !
274,flatlin trailer 2017 movi - offici https:// youtu.be/v90v_47_k14 อยากดูเรื่องนี้
275,wrote thing new #flatlin reason check ouuut https:// plasticpomp.tumblr.com/post/166316549 106/so-i-watched-flatliners-2017 … pic.twitter.com/cjapt7dxkx
276,flatlin premier screen pass giveaway http:// klips.says.com/giveaways/flat liners-premiere-screening-passes-giveaway … via @saysdotcom
277,flatlin movi premium giveaway http:// klips.says.com/giveaways/flat liners-movie-premiums-giveaway … via @saysdotcom
278,"flatlin trailer look promis interest , wonder how movi like"
279,"blade runner 2049, flatlin ? movi mr techwiztim watch weekend?"
280,ตอนแรกอยากดู flatlin มาก พอดูทีเซอร์ ก็หนังผีกลายๆ 5555555 กุไม่ดูจ้ากุกลัว
281,come yard hous burrrrrrrbank
282,http:// ciaranknight.blogspot.co.nz/2017/10/flatli ners.html … review #flatlin star @diegoluna_ @ellenpag
283,come get fam
284,way see happi death day. hope film good trailer total flop like flatlin
285,flatlin stupid fuck movi i'v ever seen
286,blunt ?
287,lol
288,smoooo
289,@ellenpag saw flatlin tonight want tell realli like it! thank
290,@ninadobrev love much love new movi @flatlinersmovi rock also hot u say love pleas @ninadobrev .
291,flatlin mad creepi
292,"flatlin , diego luna play ray. that' funny."
293,watch flatlin tonight honestli good ass movi
294,"preciso ver alem da mort ( flatlin ), vai ser muito pica."
295,"#film flatlin - linea mortale: cinqu studenti di medicina, sperando di farsi un’idea… https:// goo.gl/fb/rscm7h"
296,"walk theater middl flatlin . man, awful."
297,thought flatlin go worst film saw year. wrong. #tothebon #martinoxon #keanureev #lillycollin
298,ppl sleep movi flatlin shit trippin lol
299,@ellenpag didn't get see @flatlinersmovi sorri want damn
300,para est viern en el cine: - la villana (del creador de train busan) - la tiniebla (mexicana) - flatlin (sale diego luna)
301,oh also? went see flatlin night-
302,...and howard play origin flatlin kevin bacon. #6degreesofkevinbacon https:// twitter.com/geoffmags5490/ status/918305807275581440 …
303,"como cuando en #flatlin sale una versión creepi de ""if you'r happi know clap hands"" la gent aplaudió incluyendom xd"
304,cast @flatlinersmovi pretti much hotttest cast ever lol
305,#flatlin que nivel de película!! muy buena! @cocinsa
306,/honestli love nina diego’ chemistri flatlin . probabl favorit part entir movie.
307,new version flatlin out. dead dead. get it.
308,"damn, went saw flatlin , actual realli good."
309,poor bryce told didn't like scari movi & didn't think flatlin gonna scari even jump
310,flatlin
311,flatlin 9/10
312,#flatlin que película... supero mi expectativa vida despué de la muert
313,flatlin good movi y’all trippin
314,12/10 flatlin awesomeeeee! & haven’t movi ages! @sneakerfreeak
315,como vení de ver flatlin el capítulo de lucif que está en la tele es justament inspirado en eso
316,saw flatlin omg
317,flatlin ?
318,"quiero ver flatlin , se muy buena"
319,@ninadobrev 7 day flatlin brazil pic.twitter.com/jfkotlwwzf
320,eu assistindo flatlin pic.twitter.com/i2ysk49ruw
321,@ninadobrev congrat #flatlin can't wait see xxx
322,movi flatlin realli make think
323,play car boy song end flatlin ?!?!?!?!?
324,ya nina..... flatlin pretti good u alway alway awesom pic.twitter.com/sw7lp7shay
325,watch flatlin !
326,"saw trailer flatlin , thought it'd bad, couldn't 0% rotten tomato bad right? holi fuck shit"
327,#smallvil ep lana act like crackhead pay homag flatlin pretti intense.
328,“ flatlin ” scientif intense! nakarel ako sa mga medic terms… https://www. instagram.com/p/baijmbbhp3p/
329,love play 'spot letterkenny'. tonight gail (lisa codrington!!) flatlin .
330,flatlin : steelbook edit http:// andersonvision.com/flatliners-st elbook-edition/ … pic.twitter.com/tr9nfmxo2d
331,flatlin good movi
332,seen @flatlinersmovi last night- lo key ight. bad doe.
333,"hj fui ver um vídeo yt e passou um trailer diferent de flatlin praticament só com nina, fiquei nervosa"
334,param todo hoy se estrena flatlin como tengo segunda voy sola nrv en el atla
335,aaaaaaaaa eu preciso muito ver flatlin
336,go nau wanna see flatlin friday 13th hmu !!!! – northern arizona univers
337,#pressplay latest review round-up #kingsman2 #flatlin #mothermovi #leatherfac #longshot #geraldsgam https:// buff.ly/2gwbg1k
338,actually... flatlin 1/10 lol
339,flatlin : ellen page kill littl sister caus kill kill again. 1990 version better. 2/10
340,movi review far week are: blade runner flatlin battl sex
341,fun fact - diego luna’ hair flatlin is........ good
342,"flatlin actual pretti good, unfortun rush hell end"
343,want go flatlin
344,wow #flatlin era para nada lo que yo esperaba. ¡hay que verla! gracia @cocinsa
345,"flatlin 9/10, recommend"
346,#flatliners2017 - #filmtalk . 3#flatlin #film #movi #moviereview #thrillermovi … https:// lightscamera-bake.com/flatliners-201 7-film-talk/ … pic.twitter.com/l9zonnzzeu
347,"week naka 3 movi ako shet it, mother, flatlin . woah woah. nakakaproud kasi kinakaya ko."
348,went flatlin think bore medic drama littl know major thrill
349,ya salió flatlin en argentina i'm die
350,flatlin isnt show anymor </3 huhu
351,flatlin nut
352,flatlin better make flatlin @sonypictur
353,@ninadobrev love :(
354,"flatlin ó linea mortal, mañana la 9 en tcm. dense."
355,flatlin make ppl wanna die
356,flatlin horrend mess movie. wast time unless withstand watch trope checklist real time.
357,30. flatlin . i'm lol actual excit see worst review movi year... pic.twitter.com/so88jgkmzp
358,euuu
359,#flatlin @flatlinersmovi #insidiousthelastkey @insidiousmovi #jigsawmovi @jigsawmovi #theforeignermovi @theforeignermov
360,translat issu @starwar movi titl http:// overpoweredentertainment.com/movies-2/op- s-movies/translation-issues-star-wars-movie-titles/ … #flatlin #starwar #starwarsthelastjedi #insidi #jigsaw
361,mañana estrena flatlin nada lo queria decir
362,akala ko show pa flatlin .
363,#watch #flatlin #flatlinersmovi #2day #cardiff @tcdaw #sister donna & #mate #good :) :) xxx
364,#cle brought back life time good look kid @flatlinersmovi sequel. #ald
365,quiero ir ver flatlin porqu actúa nina dobrev.
366,don't wast time. don't wast money. don't see #flatlin . couldn't end quickli enough.
367,@ellenpag @ninadobrev good #flatlin
368,@ellenpag omg start play #beyondtwosoul i’m love. watch #flatlin notic u ellen omg right. love u
369,flatlin - dead market walk http://www.zerohedge.com:80/news/2017-10-08/flatliners-dead-market-walk zerohedge.com/news/2017-10-0 …
370,doubl edg sword reboots. bad one gonna make money good one make good director unhireable. won’t go anywher near flatlin lol.
371,want (& still want to) see flatlin (2017). also saw mummi alon may bc i'm depress & sad swill good me.
372,fast forward tonight! partner went saw movi flatlin (interest movie) told door
373,saw movi “ flatlin ” im fuck trip f
374,""" flatlin ..."" #allimit #movietim @arkadia shop guatemala https://www. instagram.com/p/bais0b4fmeb/"
375,euuuuuuuuuuuuu :'(
376,euuuu
377,euuuuuuu porfavor tô desesperada
378,isabella quer matar com ess negócio de ingresso pra flatlin
379,eu aquiiii
380,eu queroooo
381,"ya listo para ver la premier de #lineamort #flatlin pinta estar muy buena, hay lea doy mi comentario al rato. pic.twitter.com/adb4dcfzld"
382,socorro eu quero
383,"quem quer ingresso para assistir @flatlinersmovi , novo film da nina dobrev? https:// twitter.com/ninadobrevbr/ tatus/918284166130741248 …"
384,anyon tryna smoke blunt watch flatlin near anaheim tonight?
385,flatlin pt. 2
386,"hello movi lovers, come friday octob 13th : flatlin ! showtim go http://www. landmarkcinemas.com see... http:// fb.me/9koawgddv"
387,"opa, eu ouvi sorteio de ingresso @baldepipoca ? #flatlin #alemdamort pic.twitter.com/gujihzpjuj"
388,same. wanna watch flatlin
389,flatlin premiere: michael dougla http://www. pakistantalkshow.com/flatliners-pr miere-michael-douglas/ …
390,flatlin announc north american tour | https:// goo.gl/eumwj4 | #dinealonerecord pic.twitter.com/a4z4rrpuwk
391,"flatlin ticket cobra loung chicago friday, januari 12 | https:// goo.gl/wm8ppr | #livemus pic.twitter.com/s1dgtxplip"
392,"remad flatlin ? hate much, hollywood. #theresonlyon #somelinesshouldntbecross pic.twitter.com/evlesg4rji"
393,flatlin suspens af
394,patti realli hide one warn us flatlin im scream fuckhcdhbfxj pic.twitter.com/krysv3dc7z
395,super disappoint movi #flatlin
396,soooooo want go see flatlin
397,good time e flatlin estreando mesmo dia.......
398,"cat expensive, furri flatlin ."
399,quiero ir al cine mañana ver flatlin :v
400,por fin queda una semana para que se estren @flatlinersmovi en mi paí pic.twitter.com/wf3adwsr1h
401,either flatlin
402,news: flatlin announc north american tour - http:// thepunksite.com/news/the-flatl iners-announce-north-american-tour/ …
403,fred andrew out- flatlin -ing flatlin . #riverdal
404,flatlin good!!!
405,marcu set see damn flatlin movi like
406,"#flatlin , excelent remak participación de #diegoluna , un thriller que coquetea con terror psicológico. qué hay despué de la muerte? pic.twitter.com/1ru9shuhwt"
407,flatlin premiere: ellen page http://www. pakistantalkshow.com/flatliners-pr miere-ellen-page/ …
408,origin #flatlin ? wish #carri dvd.
409,@loganrwad flatlin last night?
410,flatlin ? meh. save 9 dollars.
411,seen flatlin
412,"ad video @youtub playlist http:// youtu.be/emwqp-kkvb0?a flatlin offici trailer #1 (2017) nina dobrev, ellen page sci-fi"
413,wanna see happi death day flatlin
414,"ad video @youtub playlist http:// youtu.be/al11ukni7m4?a nina dobrev john stamos, 80' & flatlin"
415,want see this! flatlin - offici trailer (hd) https:// youtu.be/gudv0cuzg0k via @youtub
416,starmoviesfal 9. flatlin (2017) $4.0m: play trailer http:// dlvr.it/ptyxwb pic.twitter.com/wj5h9fyv82
417,still wanna go see flatlin
418,like video flatlin movi review/r https:// youtu.be/gxauai7ead8 via @youtub
419,saw #flatlin last night - check review http:// themoviebuff.net #movi #write #film #horror #flatlinersmovi
420,saw #flatlin tonight. it’ great movie. interest idea poorli execut horribl dialogue.
421,flatlin ?
422,"second time i’v seen @ninadobrev die come back life... kinda... i’m huge fan tvd loved, loved, love flatlin"
423,flatlin premiere: diego luna http://www. pakistantalkshow.com/flatliners-pr miere-diego-luna/ …
424,need #starwarsthelastjedi #flatlin !? @cagreyson @sylessnecol #film #movi #review #cinema https:// pondspress.wordpress.com/2017/10/11/fla tliners-2017-review-oh-it-is-glorious/ …
425,flatlin disappointing. don’t wast money. wait come redbox want see it.
426,wanna go see flatlin movi soooooo bad
427,flatlin good film!!!
428,"¿a quién se le ocurr hacer un remak de flatlin ? ¿qué vien después, el de lost boys?"
429,quit enjoy flatlin . hole suitabl creepi kept interested.… https://www. instagram.com/p/bah_ssajj98/
430,need someon take go n see flatlin
431,saw @flatlinersmovi last night. nice see toronto anoth american citi film.
432,"discov await side #flatlinersmovi , theaters. http:// bit.ly/flatlinerstick et … pic.twitter.com/d9nep6wea3"
433,"de la poca película que llegarán est fin, solo interesó línea mortal ( flatlin ) veo que tien 38% en rotten"
434,"flatlin 2017 review: oh, glorious! https:// pondspress.wordpress.com/2017/10/11/fla tliners-2017-review-oh-it-is-glorious/ … pic.twitter.com/n092ndmv99"
435,"intvw "" flatlin "" compos nathan barr! http:// moviehole.net/2017124022int rview-with-flatliners-composer-nathan-barr …"
436,hope whoever wrote flatlin remak step lego bare feet
437,actual offend menzingers/tig jaw/ flatlin tour isnt come
438,"remot work playlist consist menzingers, flatlin stori stori far"
439,like @youtub video http:// youtu.be/r9ndyjcqdzg?a flatlin (2017) *spoiler* movi review
440,want see film flatlin ??? — ye look good https:// curiouscat.me/trixiemattels/ post/217454284?t=1507759127 …
441,flatlin premiere: kiersey clemon http://www. pakistantalkshow.com/flatliners-pr miere-kiersey-clemons/ …
442,american made okay. heard flatlin disappointing. hard go wrong winslet idris.
443,movi great yesterday recommend movi flatlin realli good
444,give flatlin 2 predict jumpscar 5.
445,#pressplay latest review round-up #kingsman2 #flatlin #mothermovi #leatherfac #longshot #geraldsgam https:// buff.ly/2gb56v
446,someon go movi please. wanna see flatlin happi death day
447,"went saw @flatlinersmovi last nite... honestli creepili good. splendid cast well agre film' tagline: ""you haven't live you'v died"", goosebump much? seem pretti true tho'"
448,"it' remake, original!"
449,flatlin might actual worst movi i’v seen year. 10/10 would recommend
450,hermosa ellen page
451,flatlin play last time thursday night. happi death day start friday.
452,(the main 5) equal screen time
453,"sinon j'espèr trouver flatlin au ciné cett semaine, i'v wait movi age"
454,wanna see flatlin bad
455,spain releas flatlin year releas cmbyn februari + ladi bird may reason i'm leav countri
456,flatlin https:// youtu.be/a1s52y5zvli
457,works!! #moviepass #flatlin #amctheat #movieaddict #newhom #unlimitedmovi … https://www. instagram.com/p/bah08vwb-yx/
458,anybodi see flatlin ?
459,"whole time flatlin , drool kiersey clemon"
460,"buenaaaa "" flatlin "", ese inglé jajaj"
461,it/ flatlin /american made/kingsmen
462,"even star-stud cast can't resurrect 2017 remak "" flatlin ."" http:// ndsuspectrum.com/review-call-ti me-of-death-flatliners/ …"
463,celebr moviepass final come mail see flatlin
464,flatlin premiere: nina dobrev http://www. pakistantalkshow.com/flatliners-pr miere-nina-dobrev/ …
465,flatlin don't care
466,feel like wanna watch movi today wonder flatlin remak ...oh pic.twitter.com/fzdvupa445
467,good day die: flatlin (2017) movi review http:// sxustudentmedia.com/a-good-day-to- die-flatliners-2017-movie-review/ … #flatlinersmovi #moviereview #sxu
468,come flatlin gig exchang saturday weather won't matter. lu
469,saw flatlin remak recent made wish watch origin instead!
470,wanna watch flatlin appar it’ shit ://
471,"omg !! nina , screen time kiersey clemon ?"
472,"siiii lo hicimo lo hicimo lo hicimo siiiii con @cocinsa , @annia_marcella yo no vamo ver #flatlin lo hicimo lo hicimo siii ;)"
473,#flatlin even @mummymichel pretti good copi original. bought noth new table. watchabl 6/10 pic.twitter.com/wrdfhckhfg
474,siiiiiiii @dorisaguilerab no fuimos!! con @cocinsa vamo la premier de #flatlin wii que emocion !! wiiii jajaja felicidad al maximo!
475,"hoy asistiré la premier de #flatlin con @kakrekita , todo gracia @cocinsa !!!!"
476,no vamo ir la premier de #flatlin @la_risap no lleva @cocinsa yeeeeess!!
477,hoy no vamo la premier de #flatlin gracia @cocinsa
478,like @youtub video http:// youtu.be/yyw8ymth6vs?a flatlin (2017) end explain
479,"thu 9 pm: true stray + special guest , flatlin , blade runner 2049, lego ninjago movie, it, mother! http:// swindonguide.org.uk/calendar/2017/ 10#2017-10-11 …"
480,flatlin announc tour celebr 10 year anniversari | https:// goo.gl/3ptlyz | #epitaphrecord pic.twitter.com/azb4ehgxfi
481,flatlin announc tour celebr 10th anniversari 'the great awake' http:// newnoisemagazine.com/flatliners-ann iversary-tour-great-awake/ …
482,want see movi flatlin bad!!!!!!!!!!!! need friend like scari movi
483,im watch flatlin i’m person theater. pretti good though
484,"argh, flatlin disappoint film! ellen page still course."
485,wtf flatlin tho???? much confus disappoint
486,free kitten movi guide: blu-ray review: flatlin (1990): steelbook editi... http:// freekittensmovieguide.blogspot.com/2017/09/blu-ra y-review-flatliners-1990.html?spref=tw …
487,best part flatlin kiefer sutherland get ass beat small child multipl time throughout film
488,flatlin pain watch know cpr actual work
489,queria assistir flatlin
490,flatlin announc tour celebr 10 year anniversari “the great awake” http:// ift.tt/2yzkmuh
491,watch flatlin movi premier cinema cardiff http:// fb.me/84lqe9hpt
492,ten year anniversari tour flatlin wilhelm scream. going?? http:// dyingscene.com/news/the-flatl iners-announce-tour-to-celebrate-10-year-anniversary-of-the-great-awake/ … pic.twitter.com/efmjw0b8gj
493,"@ninadobrev samo gledakh flatlin zaradi lyubovta, koyato nina dobrev besh v nego!"
494,flatlin (1999) trailer https:// youtu.be/lfqgrvwftu8 via @youtub
495,"flatlin apena alcanza un 4% de aceptación, que má se podría esperar si ""actúan"" el hígado de @ellenpag el pendejazo de @diegoluna_ ?"
496,"lol, flatlin 4% rotten tomato"
497,"flatlin (@cinescap al rai, farwaniya governorate) https://www. swarmapp.com/c/ioga8stpxjo"
498,"right bad, honestli favorit kinda haze like movi flatlin"
499,@flatlinersmovi great movi
500,دشيت فلم flatlin ،، الفلم مصنف كا فلم دراما وانا اعتبره من افلام الرعب والفلم +١٣ ! ومفروض +١٨ طول الفلم متوتره على اعصابي اقيمه ١٠/٦
501,liter 2 scene even 2 full sentenc
502,"thu 8 pm: live music - oli norman + support, velipadint pusthakam, mountain us, flatlin , http:// swindonguide.org.uk/calendar/2017/ 10#2017-10-11 …"
503,mañana voy ver flatlin aaaaaaa
504,doesn't lot screen time ?
505,seriou question beau mirchoff liter 2 scene @flatlinersmovi ??? what' point???
506,#nw flatlin
507,flatlin take 'the great awake' 10th anniversari tour - http:// shuffletoday.com/the-flatlin -take-the-great-awake-on-10th-anniversary-tour/ …
508,"last week @advancedcruzcon #podcast ""7 week deadli sins,"" @anniefuckincruz & review "" flatlin ."" https:// youtu.be/kxkkas1kpxi"
509,"sale 10/12: @themenzing , @flatlinersmovi , @worriersmus hous independ ( @hoiasburypark ) http://www. njarts.net/24317 pic.twitter.com/9ipyhvji96"
510,wonder remad flatlin ....the origin can’t beaten i’m sure!!
511,also teach us never text drive. #flatlin
512,#flatlin teach us bulli never answer.
513,#flatlin #trailer https:// youtu.be/ocm_nmu6phw via @youtub
514,"interview nina dobrev."" probabl flatlin someon got talk her. keep look channel' site"
515,where' melinda gordon need her? #flatlin
516,movi night. look forward flatlin . haven't seen ellen page anyth ages! #geek … https://www. instagram.com/p/bahhxzmjzoa/
517,"#silverscreenvideo @flatlinersmovi lack original' star power, creepi & mere bland, unscary. rating: c-. http:// bit.ly/2gvqofj"
518,like @youtub video http:// youtu.be/j1mhuy73eey?a flatlin - movi review
519,"te pierda la nueva película de @diegoluna_ , #flatlin de @sonypicturesmx estrenars est viern 13 http:// cineastas.mx/2017/10/11/viv e-linea-mortal-al-limite/ …"
520,except diego....who i'm guess kind christ figure??? #flatlin
521,much love flatlin / prawn crew great tour blast! liég ce soir! http:// fb.me/8pc5e0mlj
522,"yeah well guy right flatlin . still find idea fascinating, annoy bunch people."
523,"last week @advancedcruzcon #podcast ""7 week deadli sins,"" @thatguyv & review "" flatlin ."" https:// youtu.be/kxkkas1kpxi"
524,basic flatlin come belgium november. wtff need now.
525,pre war nina look good flatlin whatev
526,"menzing announc show tiger jaw, worrier & flatlin https:// goo.gl/fb/6sul99"
527,wahhh wanna watch flatlin
528,killers? #flatlin
529,med student parti everi night? seriously? #flatlin
530,win movi merchandis #flatlin https://www. heyuguys.com/competit pic.twitter.com/gml2gnimhn
531,win movi merchandis #flatlin https://www. heyuguys.com/competit pic.twitter.com/cen2cr0fjt
532,kidding? flatlin (the original) spine-chilling!
533,someon link watch flatlin pl dm me. ty
534,"@cineworld #flatlin time,rememb original,i'm get old"
535,"#fridaythe13th friday 13th, #nightmareonelmstreet plu #flatlin . join us shoctober, don't forget halloween allnighter. pic.twitter.com/4jcaww0oa6"
536,flatlin
537,want watch flatlin can’t find link smh
538,flatlin trailer (2017) https:// youtu.be/k_4gkgj8i54 来自 @youtub
539,"brooklynvegan: menzing announc show tiger jaw, worrier & flatlin http:// ift.tt/2xzktxo #music #nyc"
540,"видео ""коматозники (1990) « flatlin » - трейлер (trailer)"" ( http:// youtu.be/trcnclzfl1m?a ) на @youtub"
541,"dual #screamqueen day - ellen page nina dobrev "" flatlin "" @ellenpag #halloween #movi pic.twitter.com/dximwmx4rj"
542,flatlin suck bad want money back
543,"new review "" flatlin "" #31daysofhalloween continues! http://www. themoviebuff.net/2017/10/flatli ners-r-2/ … #horror #movi #flatlin #flatlinersmovi pic.twitter.com/da8yo6ar20"
544,"well fair two teen flatlin theater hopper wheelchair friend request, warrior train somewhere."
545,#tiempodecinedl : flatlin http:// bit.ly/2xzk0ol pic.twitter.com/emo10zrxlr
546,cinema: 17/10/2017 : happi death day (mi exam day) 18/10/2017 : flatlin mcm perli jaa taww.
547,tryna go watch flatlin mountain us??
548,flatlin good movi & still didn't see yet
549,no juimo la premier de #flatlin thx @cocinsa
550,"menzing announc show tiger jaw, worrier & flatlin http://www. brooklynvegan.com/the-menzing -announce-shows-with-tigers-jaw-worriers-the-flatliners/ … pic.twitter.com/v9pihupgzv"
551,"menzing announc show tiger jaw, worrier & flatlin http:// ift.tt/2xzktxo"
552,#flatlin
553,movi preview review ep 302 - flatlin http:// ow.ly/i5fq30fn2r1
554,"linea mortal flatlin , va causar polémica por su baja calificación en lo diferent medio especializados,... http:// fb.me/1hpzpkxt"
555,didn’t hate ‘ flatlin ’! i’m obsess diego luna!
556,go see flatlin ' remak today?
557,lightskin shawti flatlin beauti would give wood could
558,flatlin take 'the great awake' 10th anniversari tour: http:// exclaim.ca/music/article/ the_flatliners_take_the_great_awake_on_10th_anniversary_tour?&utm_source=twitteredc&utm_medium=referral&utm_campaign=edctwitt …
559,""" flatlin "" movi review - find like we'd rather flatlin see again. http:// youtu.be/kxkkas1kpxy?a"
560,see flatlin me???
561,aparentement la remak de flatlin es una porquería.
562,lo bueno de hoy es que @cocinsa no lleva la premier de #flatlin la @acr2m mi
563,flatlin ni similar concept mcm@final destinant ke?
564,king' watch flatlin (2017) https:// trakt.tv/movies/flatlin ers-2017 … #flatlinersmovi #trakt
565,"linea mortal flatlin , va causar polémica por su baja calificación en lo diferent medio especializados,... http:// fb.me/7no71mh3c"
566,explicación análisi de linea mortal película ( flatlin ): http:// youtu.be/zbhxab-byhe?a vía @youtub
567,"yo, flatlin come back london. that' sick"
568,"le tengo un miedo al remak de flatlin , la peli orgin pareció tan buena, poco espero de esta nueva versión"
569,finna see flatlin wacki wed whose w
570,flatlin dope
571,"thu 5 pm: mountain us, lego ninjago movie, goodby christoph robin, flatlin , mother!, http:// swindonguide.org.uk/calendar/2017/ 10#2017-10-11 …"
572,จงเติมคำลงในช่องว่าง ขอ___แค่___เดียว ลองมาเล่นกัน เตรียมพบกับหนังไซไฟระทึกขวัญ เวอร์ชั่นรีเมคใน #flatlin “ขอตายวูบเดียว” 19 ตุลาคมนี้! pic.twitter.com/mv6qwkoyqg
573,oe @cocinsa invitó la premier de #flatlin (hoy en galería la 7pm jeje) omg lo amo. no juimo bro @algunx .
574,hoy ire la premier de #flatlin con @near92 gracia @cocinsa @cinemasn
575,flatlin trippi ass movi
576,voy la premier de #flatlin gracia @cocinsa ! que emoción!! ya la quiero ver!!
577,"flatlin realli realli good, bitch, panic attack"
578,like @youtub video http:// youtu.be/j1mhuy73eey?a flatlin - movi review
579,big ye discoveri flatlin wish it'll good
580,"@urbantvuganda #skizzyug ellen page, nina dobrev, diego luna, kieffer sutherland, jame norton #flatlin moiv"
581,menzing flatlin one favorit moment. great lineup.
582,flatlin ... go see it. dont ask go!
583,"flatlin tour date accounc within drive distance, pumpkin mac n cheese, dirti nil tonight. gonna good day."
584,flatlin #mkjgustoparinkita
585,like @youtub video http:// youtu.be/i5rzplwhenw?a flatlin - offici trailer #2 - cinema septemb 29
586,"menzing announc show tiger jaw, flatlin worrier http:// nusoundonline.com/2017/10/11/men zingers-shows-tigers-jaw-flatliners-worriers/ … pic.twitter.com/1cmtbjsteb"
587,flatlin – linea mortale: rilasciato un nuovo spot italiano https:// goo.gl/fb/t1rtlk #thexeon
588,ughhh flatlin nazel kaman wont rest watch
589,flatlin review - noth linger memori longer trippi dream #flatlinersmovi : http:// nomajesty.com/flatliners-rev iew-2017/ … pic.twitter.com/tjaoekunni
590,"flatlin (@cinescap - @mall360 kuwait city, mubarak al-kab w/ @almeshare_ @dee36____ ) https://www. swarmapp.com/c/0dw9dtscthp"
591,flatlin (2017) vs flatlin (1990) link video bio. watch let know… https://www. instagram.com/p/bahkimmdgnd/
592,need someon watch star war movi flatlin me.. k thank :)
593,"flatlin , super solid mo"
594,ganahan kom watch ug flatlin wa koy kuyog
595,"ahhhhh menzingers, tiger jaw flatlin play togeth long island ahhhh"
596,"tangentially, think day new flatlin repeat error first film go young cast."
597,flatlin
598,watch flatlin @ozonecinema friday thursday fri thu: 2:20pm #flatlinersmovieexperi
599,watch flatlin @ozonecinema friday thursday fri thu: 2:20pm #flatlinersmovieexperi
600,watch flatlin @ozonecinema friday thursday fri thu: 2:20pm #flatlinersmovieexperi
601,watch flatlin @ozonecinema friday thursday fri thu: 2:20pm #flatlinersmovieexperi
602,watch flatlin @ozonecinema friday thursday fri thu: 2:20pm #flatlinersmovieexperi
603,watch flatlin @ozonecinema friday thursday fri thu: 2:20pm #flatlinersmovieexperi
604,watch flatlin @ozonecinema friday thursday fri thu: 2:20pm #flatlinersmovieexperi
605,watch flatlin @ozonecinema friday thursday fri thu: 2:20pm #flatlinersmovieexperi
606,watch flatlin @ozonecinema friday thursday fri thu: 2:20pm #flatlinersmovieexperi
607,watch flatlin @ozonecinema friday thursday fri thu: 2:20pm #flatlinersmovieexperi
608,watch flatlin @ozonecinema friday thursday fri thu: 2:20pm #flatlinersmovieexperi
609,watch flatlin @ozonecinema friday thursday fri thu: 2:20pm #flatlinersmovieexperi
610,watch flatlin @ozonecinema friday thursday fri thu: 2:20pm #flatlinersmovieexperi
611,watch flatlin @ozonecinema friday thursday fri thu: 2:20pm #flatlinersmovieexperi
612,watch flatlin @ozonecinema friday thursday fri thu: 2:20pm #flatlinersmovieexperi
613,watch flatlin @ozonecinema friday thursday fri thu: 2:20pm #flatlinersmovieexperi
614,watch flatlin @ozonecinema friday thursday fri thu: 2:20pm #flatlinersmovieexperi
615,watch flatlin @ozonecinema friday thursday fri thu: 2:20pm #flatlinersmovieexperi
616,watch flatlin @ozonecinema friday thursday fri thu: 2:20pm #flatlinersmovieexperi
617,watch flatlin @ozonecinema friday thursday fri thu: 2:20pm #flatlinersmovieexperi
618,watch flatlin @ozonecinema friday thursday fri thu: 2:20pm #flatlinersmovieexperi
619,watch flatlin @ozonecinema friday thursday fri thu: 2:20pm #flatlinersmovieexperi
620,watch flatlin @ozonecinema friday thursday fri thu: 2:20pm #flatlinersmovieexperi
621,watch flatlin @ozonecinema friday thursday fri thu: 2:20pm #flatlinersmovieexperi
622,watch flatlin @ozonecinema friday thursday fri thu: 2:20pm #flatlinersmovieexperi
623,watch flatlin @ozonecinema friday thursday fri thu: 2:20pm #flatlinersmovieexperi
624,watch flatlin @ozonecinema friday thursday fri thu: 2:20pm #flatlinersmovieexperi
625,watch flatlin @ozonecinema friday thursday fri thu: 2:20pm #flatlinersmovieexperi
626,watch flatlin @ozonecinema friday thursday fri thu: 2:20pm #flatlinersmovieexperi
627,watch flatlin @ozonecinema friday thursday fri thu: 2:20pm #flatlinersmovieexperi
628,watch flatlin @ozonecinema friday thursday fri thu: 2:20pm #flatlinersmovieexperi
629,watch flatlin @ozonecinema friday thursday fri thu: 2:20pm #flatlinersmovieexperi
630,watch flatlin @ozonecinema friday thursday fri thu: 2:20pm #flatlinersmovieexperi
631,watch flatlin @ozonecinema friday thursday fri thu: 2:20pm #flatlinersmovieexperi
632,watch flatlin @ozonecinema friday thursday fri thu: 2:20pm #flatlinersmovieexperi
633,"watch flatlin @silverbcinema nig galleria, #flatlinersmovieexperi friday thur 3:40pm, 4:25pm, 8:25pm"
634,"watch flatlin @silverbcinema nig galleria, #flatlinersmovieexperi friday thur 3:40pm, 4:25pm, 8:25pm"
635,"watch flatlin @silverbcinema nig galleria, #flatlinersmovieexperi friday thur 3:40pm, 4:25pm, 8:25pm"
636,"watch flatlin @silverbcinema nig galleria, #flatlinersmovieexperi friday thur 3:40pm, 4:25pm, 8:25pm"
637,"watch flatlin @silverbcinema nig galleria, #flatlinersmovieexperi friday thur 3:40pm, 4:25pm, 8:25pm"
638,"watch flatlin @silverbcinema nig galleria, #flatlinersmovieexperi friday thur 3:40pm, 4:25pm, 8:25pm"
639,"watch flatlin @silverbcinema nig galleria, #flatlinersmovieexperi friday thur 3:40pm, 4:25pm, 8:25pm"
640,"watch flatlin @silverbcinema nig galleria, #flatlinersmovieexperi friday thur 3:40pm, 4:25pm, 8:25pm"
641,"watch flatlin @silverbcinema nig galleria, #flatlinersmovieexperi friday thur 3:40pm, 4:25pm, 8:25pm"
642,"watch flatlin @silverbcinema nig galleria, #flatlinersmovieexperi friday thur 3:40pm, 4:25pm, 8:25pm"
643,"watch flatlin @silverbcinema nig galleria, #flatlinersmovieexperi friday thur 3:40pm, 4:25pm, 8:25pm"
644,"watch flatlin @silverbcinema nig galleria, #flatlinersmovieexperi friday thur 3:40pm, 4:25pm, 8:25pm"
645,"watch flatlin @silverbcinema nig galleria, #flatlinersmovieexperi friday thur 3:40pm, 4:25pm, 8:25pm"
646,"watch flatlin @silverbcinema nig galleria, #flatlinersmovieexperi friday thur 3:40pm, 4:25pm, 8:25pm"
647,"watch flatlin @silverbcinema nig galleria, #flatlinersmovieexperi friday thur 3:40pm, 4:25pm, 8:25pm"
648,"watch flatlin @silverbcinema nig galleria, #flatlinersmovieexperi friday thur 3:40pm, 4:25pm, 8:25pm"
649,"watch flatlin @silverbcinema nig galleria, #flatlinersmovieexperi friday thur 3:40pm, 4:25pm, 8:25pm"
650,"watch flatlin @silverbcinema nig galleria, #flatlinersmovieexperi friday thur 3:40pm, 4:25pm, 8:25pm"
651,"watch flatlin @silverbcinema nig galleria, #flatlinersmovieexperi friday thur 3:40pm, 4:25pm, 8:25pm"
652,"watch flatlin @silverbcinema nig galleria, #flatlinersmovieexperi friday thur 3:40pm, 4:25pm, 8:25pm"
653,"watch flatlin @silverbcinema nig galleria, #flatlinersmovieexperi friday thur 3:40pm, 4:25pm, 8:25pm"
654,"watch flatlin @silverbcinema nig galleria, #flatlinersmovieexperi friday thur 3:40pm, 4:25pm, 8:25pm"
655,"watch flatlin @silverbcinema nig galleria, #flatlinersmovieexperi friday thur 3:40pm, 4:25pm, 8:25pm"
656,"watch flatlin @silverbcinema nig galleria, #flatlinersmovieexperi friday thur 3:40pm, 4:25pm, 8:25pm"
657,"watch flatlin @silverbcinema nig galleria, #flatlinersmovieexperi friday thur 3:40pm, 4:25pm, 8:25pm"
658,"watch flatlin @silverbcinema nig galleria, #flatlinersmovieexperi friday thur 3:40pm, 4:25pm, 8:25pm"
659,"watch flatlin @silverbcinema nig galleria, #flatlinersmovieexperi friday thur 3:40pm, 4:25pm, 8:25pm"
660,"watch flatlin @silverbcinema nig galleria, #flatlinersmovieexperi friday thur 3:40pm, 4:25pm, 8:25pm"
661,"watch flatlin @silverbcinema nig galleria, #flatlinersmovieexperi friday thur 3:40pm, 4:25pm, 8:25pm"
662,"watch flatlin @silverbcinema nig galleria, #flatlinersmovieexperi friday thur 3:40pm, 4:25pm, 8:25pm"
663,"watch flatlin @silverbcinema nig galleria, #flatlinersmovieexperi friday thur 3:40pm, 4:25pm, 8:25pm"
664,"watch flatlin @silverbcinema nig galleria, #flatlinersmovieexperi friday thur 3:40pm, 4:25pm, 8:25pm"
665,"watch flatlin @silverbcinema nig galleria, #flatlinersmovieexperi friday thur 3:40pm, 4:25pm, 8:25pm"
666,"watch flatlin @silverbcinema nig galleria, #flatlinersmovieexperi friday thur 3:40pm, 4:25pm, 8:25pm"
667,"watch flatlin @silverbcinema nig galleria, #flatlinersmovieexperi friday thur 3:40pm, 4:25pm, 8:25pm"
668,"watch flatlin @silverbcinema nig galleria, #flatlinersmovieexperi friday thur 3:40pm, 4:25pm, 8:25pm"
669,"watch flatlin @silverbcinema nig galleria, #flatlinersmovieexperi friday thur 3:40pm, 4:25pm, 8:25pm"
670,"watch flatlin @silverbcinema nig galleria, #flatlinersmovieexperi friday thur 3:40pm, 4:25pm, 8:25pm"
671,"watch flatlin @silverbcinema nig gh ikeja mall, #flatlinersmovieexperi fri thur 3:10pm, 6:25pm, 8:30pm"
672,"watch flatlin @silverbcinema nig gh ikeja mall, #flatlinersmovieexperi fri thur 3:10pm, 6:25pm, 8:30pm"
673,"watch flatlin @silverbcinema nig gh ikeja mall, #flatlinersmovieexperi fri thur 3:10pm, 6:25pm, 8:30pm"
674,"watch flatlin @silverbcinema nig gh ikeja mall, #flatlinersmovieexperi fri thur 3:10pm, 6:25pm, 8:30pm"
675,"watch flatlin @silverbcinema nig gh ikeja mall, #flatlinersmovieexperi fri thur 3:10pm, 6:25pm, 8:30pm"
676,"watch flatlin @silverbcinema nig gh ikeja mall, #flatlinersmovieexperi fri thur 3:10pm, 6:25pm, 8:30pm"
677,"watch flatlin @silverbcinema nig gh ikeja mall, #flatlinersmovieexperi fri thur 3:10pm, 6:25pm, 8:30pm"
678,"watch flatlin @silverbcinema nig gh ikeja mall, #flatlinersmovieexperi fri thur 3:10pm, 6:25pm, 8:30pm"
679,"watch flatlin @silverbcinema nig gh ikeja mall, #flatlinersmovieexperi fri thur 3:10pm, 6:25pm, 8:30pm"
680,"watch flatlin @silverbcinema nig gh ikeja mall, #flatlinersmovieexperi fri thur 3:10pm, 6:25pm, 8:30pm"
681,"watch flatlin @silverbcinema nig gh ikeja mall, #flatlinersmovieexperi fri thur 3:10pm, 6:25pm, 8:30pm"
682,"watch flatlin @silverbcinema nig gh ikeja mall, #flatlinersmovieexperi fri thur 3:10pm, 6:25pm, 8:30pm"
683,"watch flatlin @silverbcinema nig gh ikeja mall, #flatlinersmovieexperi fri thur 3:10pm, 6:25pm, 8:30pm"
684,"watch flatlin @silverbcinema nig gh ikeja mall, #flatlinersmovieexperi fri thur 3:10pm, 6:25pm, 8:30pm"
685,"watch flatlin @silverbcinema nig gh ikeja mall, #flatlinersmovieexperi fri thur 3:10pm, 6:25pm, 8:30pm"
686,"watch flatlin @silverbcinema nig gh ikeja mall, #flatlinersmovieexperi fri thur 3:10pm, 6:25pm, 8:30pm"
687,"watch flatlin @silverbcinema nig gh ikeja mall, #flatlinersmovieexperi fri thur 3:10pm, 6:25pm, 8:30pm"
688,"watch flatlin @silverbcinema nig gh ikeja mall, #flatlinersmovieexperi fri thur 3:10pm, 6:25pm, 8:30pm"
689,"watch flatlin @silverbcinema nig gh ikeja mall, #flatlinersmovieexperi fri thur 3:10pm, 6:25pm, 8:30pm"
690,"watch flatlin @silverbcinema nig gh ikeja mall, #flatlinersmovieexperi fri thur 3:10pm, 6:25pm, 8:30pm"
691,"watch flatlin @silverbcinema nig gh ikeja mall, #flatlinersmovieexperi fri thur 3:10pm, 6:25pm, 8:30pm"
692,"watch flatlin @silverbcinema nig gh ikeja mall, #flatlinersmovieexperi fri thur 3:10pm, 6:25pm, 8:30pm"
693,"watch flatlin @silverbcinema nig gh ikeja mall, #flatlinersmovieexperi fri thur 3:10pm, 6:25pm, 8:30pm"
694,"watch flatlin @silverbcinema nig gh ikeja mall, #flatlinersmovieexperi fri thur 3:10pm, 6:25pm, 8:30pm"
695,"watch flatlin @silverbcinema nig gh ikeja mall, #flatlinersmovieexperi fri thur 3:10pm, 6:25pm, 8:30pm"
696,"watch flatlin @silverbcinema nig gh ikeja mall, #flatlinersmovieexperi fri thur 3:10pm, 6:25pm, 8:30pm"
697,"watch flatlin @silverbcinema nig gh ikeja mall, #flatlinersmovieexperi fri thur 3:10pm, 6:25pm, 8:30pm"
698,"watch flatlin @silverbcinema nig gh ikeja mall, #flatlinersmovieexperi fri thur 3:10pm, 6:25pm, 8:30pm"
699,"watch flatlin @silverbcinema nig gh ikeja mall, #flatlinersmovieexperi fri thur 3:10pm, 6:25pm, 8:30pm"
700,"watch flatlin @silverbcinema nig gh ikeja mall, #flatlinersmovieexperi fri thur 3:10pm, 6:25pm, 8:30pm"
701,"watch flatlin @silverbcinema nig gh ikeja mall, #flatlinersmovieexperi fri thur 3:10pm, 6:25pm, 8:30pm"
702,"watch flatlin @silverbcinema nig gh ikeja mall, #flatlinersmovieexperi fri thur 3:10pm, 6:25pm, 8:30pm"
703,"watch flatlin @silverbcinema nig gh ikeja mall, #flatlinersmovieexperi fri thur 3:10pm, 6:25pm, 8:30pm"
704,"watch flatlin @silverbcinema nig gh ikeja mall, #flatlinersmovieexperi fri thur 3:10pm, 6:25pm, 8:30pm"
705,"watch flatlin @silverbcinema nig gh ikeja mall, #flatlinersmovieexperi fri thur 3:10pm, 6:25pm, 8:30pm"
706,"watch flatlin @silverbcinema nig gh ikeja mall, #flatlinersmovieexperi fri thur 3:10pm, 6:25pm, 8:30pm"
707,awsはcar suicideセットだって言ってたし、 flatlin もシークレットでthe great awakeセットかな、あざす！ https://www. youtube.com/watch?v=d0swgz xbw7i … ※当時みなさん20歳。とてつもない。
708,"watch flatlin @silverbcinema nig gh ikeja mall, #flatlinersmovieexperi fri thur 3:10pm, 6:25pm, 8:30pm"
709,"watch flatlin @silverbcinema nigeria. festac; #flatlinersmovieexperi fri thur 11:00am, 5:00pm, 7:05pm"
710,"watch flatlin @silverbcinema nigeria. festac; #flatlinersmovieexperi fri thur 11:00am, 5:00pm, 7:05pm"
711,"watch flatlin @silverbcinema nigeria. festac; #flatlinersmovieexperi fri thur 11:00am, 5:00pm, 7:05pm"
712,"watch flatlin @silverbcinema nigeria. festac; #flatlinersmovieexperi fri thur 11:00am, 5:00pm, 7:05pm"
713,"watch flatlin @silverbcinema nigeria. festac; #flatlinersmovieexperi fri thur 11:00am, 5:00pm, 7:05pm"
714,"watch flatlin @silverbcinema nigeria. festac; #flatlinersmovieexperi fri thur 11:00am, 5:00pm, 7:05pm"
715,"watch flatlin @silverbcinema nigeria. festac; #flatlinersmovieexperi fri thur 11:00am, 5:00pm, 7:05pm"
716,"watch flatlin @silverbcinema nigeria. festac; #flatlinersmovieexperi fri thur 11:00am, 5:00pm, 7:05pm"
717,"watch flatlin @silverbcinema nigeria. festac; #flatlinersmovieexperi fri thur 11:00am, 5:00pm, 7:05pm"
718,"watch flatlin @silverbcinema nigeria. festac; #flatlinersmovieexperi fri thur 11:00am, 5:00pm, 7:05pm"
719,"watch flatlin @silverbcinema nigeria. festac; #flatlinersmovieexperi fri thur 11:00am, 5:00pm, 7:05pm"
720,"watch flatlin @silverbcinema nigeria. festac; #flatlinersmovieexperi fri thur 11:00am, 5:00pm, 7:05pm"
721,"watch flatlin @silverbcinema nigeria. festac; #flatlinersmovieexperi fri thur 11:00am, 5:00pm, 7:05pm"
722,"watch flatlin @silverbcinema nigeria. festac; #flatlinersmovieexperi fri thur 11:00am, 5:00pm, 7:05pm"
723,"watch flatlin @silverbcinema nigeria. festac; #flatlinersmovieexperi fri thur 11:00am, 5:00pm, 7:05pm"
724,"watch flatlin @silverbcinema nigeria. festac; #flatlinersmovieexperi fri thur 11:00am, 5:00pm, 7:05pm"
725,"watch flatlin @silverbcinema nigeria. festac; #flatlinersmovieexperi fri thur 11:00am, 5:00pm, 7:05pm"
726,"watch flatlin @silverbcinema nigeria. festac; #flatlinersmovieexperi fri thur 11:00am, 5:00pm, 7:05pm"
727,"watch flatlin @silverbcinema nigeria. festac; #flatlinersmovieexperi fri thur 11:00am, 5:00pm, 7:05pm"
728,"watch flatlin @silverbcinema nigeria. festac; #flatlinersmovieexperi fri thur 11:00am, 5:00pm, 7:05pm"
729,"watch flatlin @silverbcinema nigeria. festac; #flatlinersmovieexperi fri thur 11:00am, 5:00pm, 7:05pm"
730,"watch flatlin @silverbcinema nigeria. festac; #flatlinersmovieexperi fri thur 11:00am, 5:00pm, 7:05pm"
731,"watch flatlin @silverbcinema nigeria. festac; #flatlinersmovieexperi fri thur 11:00am, 5:00pm, 7:05pm"
732,"watch flatlin @silverbcinema nigeria. festac; #flatlinersmovieexperi fri thur 11:00am, 5:00pm, 7:05pm"
733,"watch flatlin @silverbcinema nigeria. festac; #flatlinersmovieexperi fri thur 11:00am, 5:00pm, 7:05pm"
734,"watch flatlin @silverbcinema nigeria. festac; #flatlinersmovieexperi fri thur 11:00am, 5:00pm, 7:05pm"
735,"watch flatlin @silverbcinema nigeria. festac; #flatlinersmovieexperi fri thur 11:00am, 5:00pm, 7:05pm"
736,"watch flatlin @silverbcinema nigeria. festac; #flatlinersmovieexperi fri thur 11:00am, 5:00pm, 7:05pm"
737,"watch flatlin @silverbcinema nigeria. festac; #flatlinersmovieexperi fri thur 11:00am, 5:00pm, 7:05pm"
738,"watch flatlin @silverbcinema nigeria. festac; #flatlinersmovieexperi fri thur 11:00am, 5:00pm, 7:05pm"
739,"watch flatlin @silverbcinema nigeria. festac; #flatlinersmovieexperi fri thur 11:00am, 5:00pm, 7:05pm"
740,"watch flatlin @silverbcinema nigeria. festac; #flatlinersmovieexperi fri thur 11:00am, 5:00pm, 7:05pm"
741,"watch flatlin @silverbcinema nigeria. festac; #flatlinersmovieexperi fri thur 11:00am, 5:00pm, 7:05pm"
742,"watch flatlin @silverbcinema nigeria. festac; #flatlinersmovieexperi fri thur 11:00am, 5:00pm, 7:05pm"
743,"watch flatlin @silverbcinema nigeria. festac; #flatlinersmovieexperi fri thur 11:00am, 5:00pm, 7:05pm"
744,"watch flatlin @silverbcinema nigeria. festac; #flatlinersmovieexperi fri thur 11:00am, 5:00pm, 7:05pm"
745,"abuja? watch flatlin @silverbcinema . #flatlinersmovieexperi sec abuja fri - thur 2:20pm, 4:40pm, 8:30pm"
746,"abuja? watch flatlin @silverbcinema . #flatlinersmovieexperi sec abuja fri - thur 2:20pm, 4:40pm, 8:30pm"
747,"abuja? watch flatlin @silverbcinema . #flatlinersmovieexperi sec abuja fri - thur 2:20pm, 4:40pm, 8:30pm"
748,"abuja? watch flatlin @silverbcinema . #flatlinersmovieexperi sec abuja fri - thur 2:20pm, 4:40pm, 8:30pm"
749,"abuja? watch flatlin @silverbcinema . #flatlinersmovieexperi sec abuja fri - thur 2:20pm, 4:40pm, 8:30pm"
750,"abuja? watch flatlin @silverbcinema . #flatlinersmovieexperi sec abuja fri - thur 2:20pm, 4:40pm, 8:30pm"
751,"abuja? watch flatlin @silverbcinema . #flatlinersmovieexperi sec abuja fri - thur 2:20pm, 4:40pm, 8:30pm"
752,"abuja? watch flatlin @silverbcinema . #flatlinersmovieexperi sec abuja fri - thur 2:20pm, 4:40pm, 8:30pm"
753,"abuja? watch flatlin @silverbcinema . #flatlinersmovieexperi sec abuja fri - thur 2:20pm, 4:40pm, 8:30pm"
754,"abuja? watch flatlin @silverbcinema . #flatlinersmovieexperi sec abuja fri - thur 2:20pm, 4:40pm, 8:30pm"
755,"abuja? watch flatlin @silverbcinema . #flatlinersmovieexperi sec abuja fri - thur 2:20pm, 4:40pm, 8:30pm"
756,"abuja? watch flatlin @silverbcinema . #flatlinersmovieexperi sec abuja fri - thur 2:20pm, 4:40pm, 8:30pm"
757,"abuja? watch flatlin @silverbcinema . #flatlinersmovieexperi sec abuja fri - thur 2:20pm, 4:40pm, 8:30pm"
758,"abuja? watch flatlin @silverbcinema . #flatlinersmovieexperi sec abuja fri - thur 2:20pm, 4:40pm, 8:30pm"
759,"abuja? watch flatlin @silverbcinema . #flatlinersmovieexperi sec abuja fri - thur 2:20pm, 4:40pm, 8:30pm"
760,"abuja? watch flatlin @silverbcinema . #flatlinersmovieexperi sec abuja fri - thur 2:20pm, 4:40pm, 8:30pm"
761,"abuja? watch flatlin @silverbcinema . #flatlinersmovieexperi sec abuja fri - thur 2:20pm, 4:40pm, 8:30pm"
762,"abuja? watch flatlin @silverbcinema . #flatlinersmovieexperi sec abuja fri - thur 2:20pm, 4:40pm, 8:30pm"
763,"abuja? watch flatlin @silverbcinema . #flatlinersmovieexperi sec abuja fri - thur 2:20pm, 4:40pm, 8:30pm"
764,"abuja? watch flatlin @silverbcinema . #flatlinersmovieexperi sec abuja fri - thur 2:20pm, 4:40pm, 8:30pm"
765,"abuja? watch flatlin @silverbcinema . #flatlinersmovieexperi sec abuja fri - thur 2:20pm, 4:40pm, 8:30pm"
766,"abuja? watch flatlin @silverbcinema . #flatlinersmovieexperi sec abuja fri - thur 2:20pm, 4:40pm, 8:30pm"
767,"abuja? watch flatlin @silverbcinema . #flatlinersmovieexperi sec abuja fri - thur 2:20pm, 4:40pm, 8:30pm"
768,"abuja? watch flatlin @silverbcinema . #flatlinersmovieexperi sec abuja fri - thur 2:20pm, 4:40pm, 8:30pm"
769,"abuja? watch flatlin @silverbcinema . #flatlinersmovieexperi sec abuja fri - thur 2:20pm, 4:40pm, 8:30pm"
770,"abuja? watch flatlin @silverbcinema . #flatlinersmovieexperi sec abuja fri - thur 2:20pm, 4:40pm, 8:30pm"
771,"abuja? watch flatlin @silverbcinema . #flatlinersmovieexperi sec abuja fri - thur 2:20pm, 4:40pm, 8:30pm"
772,"abuja? watch flatlin @silverbcinema . #flatlinersmovieexperi sec abuja fri - thur 2:20pm, 4:40pm, 8:30pm"
773,"abuja? watch flatlin @silverbcinema . #flatlinersmovieexperi sec abuja fri - thur 2:20pm, 4:40pm, 8:30pm"
774,"abuja? watch flatlin @silverbcinema . #flatlinersmovieexperi sec abuja fri - thur 2:20pm, 4:40pm, 8:30pm"
775,"uyo? watch flatlin @silverbcinema . #flatlinersmovieexperi friday thursday 1:35pm, 3:35pm, 5:00pm"
776,"uyo? watch flatlin @silverbcinema . #flatlinersmovieexperi friday thursday 1:35pm, 3:35pm, 5:00pm"
