0,beauti beast
1,wonder woman
2,guardian galaxi vol 2
3,spider-man: homecom
4,
5,thor: ragnarok
6,despic 3
7,logan
8,fate furiou
9,dunkirk
10,justic leagu
11,lego batman movi
12,get
13,boss babi
14,pirat caribbean: dead men tell tale
15,kong: skull island
16,hidden figur
17,car 3
18,war planet ape
19,split
20,transformers: last knight
21,la la land
22,girl trip
23,fifti shade darker
24,babi driver
25,rogu one: star war stori
26,sing
27,annabelle: creation
28,kingsman: golden circl
29,john wick: chapter two
30,blade runner 2049
31,coco
32,emoji movi
33,power ranger
34,mummi
35,murder orient express
36,wonder
37,daddy’ home 2
38,hitman’ bodyguard
39,alien: coven
40,captain underpants: first epic movi
41,dog’ purpos
42,bad mom christma
43,lego ninjago movi
44,baywatch
45,shack
46,happi death day
47,atom blond
48,american made
49,dark tower
50,tyler perry’ boo 2! madea halloween
51,snatch
52,lion
53,great wall
54,go style
55,smurfs: lost villag
56,eyez
57,xxx: return xander cage
58,47 meter
59,big sick
60,ghost shell
61,valerian citi thousand planet
62,king arthur: legend sword
63,passeng
64,moana
65,jigsaw
66,american assassin
67,foreign
68,"everything, everyth"
69,wind river
70,monster truck
71,geostorm
72,fist fight
73,latin lover
74,patriot day
75,kidnap
76,underworld: blood war
77,life
78,mountain us
79,nut job 2: nutti natur
80,fenc
81,ring
82,logan lucki
83,home
84,resid evil: final chapter
85,him?
86,hous
87,gift
88,star
89,bye bye man
90,rough night
91,victoria abdul
92,leap!
93,littl pony: movi
94,sleepless
95,diari wimpi kid: long haul
96,circl
97,manchester-by-th sea
98,baahubali 2: conclus
99,chip
100,brave
101,mother!
102,zookeeper’ wife
103,glass castl
104,flatlin
105,detroit
106,moonlight
107,assassin’ creed
108,case christ
109,wish upon
110,come night
111,born china
112,ladi bird
113,megan leavey
114,founder
115,battl sex
116,fall
117,night live dead
118,unforgett
119,beguil
120,"three billboard outsid ebbing, missouri"
121,live night
122,belko experi
123,fantast beast find
124,thank servic
125,rock dog
126,marshal
127,lost citi z
128,arriv
129,promis
130,"roman j. israel, esq."
131,cure well
132,space us
133,gold
134,negro
135,beatriz dinner
136,let light
137,jacki
138,birth dragon
139,silenc
140,snowman
141,kind differ
142,maudi
143,lowrid
144,saint
145,suburbicon
146,pari wait
147,20th centuri women
148,collater beauti
149,love vincent
