0,readi great new movie? check #rockdog win $25 visa card see film! #giveaway @tfasm http:// deliciouslysavvy.com/25-visa-card-r ock-dog-movie-prize-pack-giveaway-ends-309/ …
1,"#win #rockdog prize package, includ $50 visa gift card see movie! #giveaway #sweep http:// bit.ly/2ljucgt"
2,""" rock dog "" في دور العرض المصرية http:// dlvr.it/nb25k8 #صحافة_دوت_نت pic.twitter.com/njvbzw5fro"
3,"#movi #review : #rockdog mediocr best, still isn't bad enough hate see it. http:// bit.ly/lolorkdg pic.twitter.com/nslcehwhsl"
4,"#win #rockdog prize package, includ $50 visa gift card see movie! #giveaway #sweep http:// bit.ly/2ljucgt"
5,así termina la sem en col. 1) #logan 2) #lagranmuralla 3) #fragmentado 4) #rockdog 5) #legobatmanmovi
6,rock dog one them?
7,i’m hope win #rockdog prize & $50 visa gift card #giveaway @classymommi
8,enter win #rockdog prize pack giveaway via @themommyfil @rockdogmovi ! enter? #giveaway #win
9,déjate llevar por la música. #rockdog continúa en cartelera. pic.twitter.com/bafd8myj5b
10,"#win @rockdogmovi prize pack, includ $25 visa g/c @mdub70deuc (us) end 3/12 #rockdog #giveaway http://www. obviously-marvelous.com/2017/02/21/roc k-dog-printable-activities-giveaway-rockdog-312/ …"
11,"rock dog | 92 min | jk simmons, luke wilson | http:// sg-movies.com/movies/10463 pic.twitter.com/kr29l1ar91"
12,"bodi may turn volum #rockdog , won't #amcsensoryfriendli show saturday! get tix: http:// bit.ly/297pmq9 pic.twitter.com/dv3rkd3q0a"
13,"#win #rockdog prize package, includ $50 visa gift card see movie! #giveaway #sweep http:// bit.ly/2ljucgt"
14,readi great new movie? check #rockdog win $25 visa card see film! #giveaway @tfasm https: http:// contestgirl.com/contests/cont sts.pl?f=s&c=mc&i=10 …
15,#rockdog qualiti voic actor recogn spent money better writer and/or script 2.7/5
16,"#win @rockdogmovi prize pack, includ $25 visa g/c @mdub70deuc (us) end 3/12 #rockdog #giveaway http://www. obviously-marvelous.com/2017/02/21/roc k-dog-printable-activities-giveaway-rockdog-312/ …"
17,te pierda #rockdog en #américacinema #elcineentuidioma . ven diviértete! shows&tickets: http://www. americacinemas.com para toda la familia! pic.twitter.com/tbmpuj6aof
18,enter win $100 visa gift card + #rockdog swag via @modernmom @rockdogmovi #giveaway http:// gvwy.io/kql5rqo
19,"#encartelera #fragmentado , #rockdog #elperroroquero , #ovejasylobo #talentosoculto pic.twitter.com/lfsbdyoxdj"
20,check #rockdog prize pack giveaway via @themommyfil @rockdogmovi ! enter? #giveaway #win
21,enter win #rockdog prize pack giveaway via @themommyfil @rockdogmovi ! enter? #giveaway #win
22,enter win #rockdog prize pack giveaway via @themommyfil @rockdogmovi ! enter? #giveaway #win
23,"#win @rockdogmovi prize pack, includ $25 visa g/c @mdub70deuc (us) end 3/12 #rockdog #giveaway http://www. obviously-marvelous.com/2017/02/21/roc k-dog-printable-activities-giveaway-rockdog-312/ …"
24,pleas retweet ~ spot left advertis show vega rock dog radio© ~ dm 4 detail #pet #radio #wo … http:// ift.tt/1kgahga
25,"#win #rockdog prize package, includ $50 visa gift card see movie! #giveaway #sweep http:// bit.ly/2ljucgt"
26,"pass popcorn! select amc theater host sensori friendli show rock dog saturday, march... http:// fb.me/5xioezf5f"
27,"#win #rockdog prize package, includ $50 visa gift card see movie! #giveaway #sweep http:// bit.ly/2ljucgt"
28,"#win #rockdog prize package, includ $50 visa gift card see movie! #giveaway #sweep http:// bit.ly/2ljucgt"
29,enter win #rockdog prize pack giveaway via @themommyfil @rockdogmovi ! enter? #giveaway #win
30,"#win #rockdog prize package, includ $50 visa gift card see movie! #giveaway #sweep http:// bit.ly/2ljucgt"
31,readi great new movie? check #rockdog win $25 visa card see film! #giveaway @tfasm http://www. javajohnz.com/2017/02/rock-d og-prize-pack-giveaway.html …
32,' rock dog ' film hit right note http:// ow.ly/q3qe309k4tn pic.twitter.com/qaokywj6c5
33,free rock dog printabl color page $50 visa gift card giveaway #rockdog http:// classymommy.com/free-rock-dog- printable-coloring-pages/ …
34,"""it' great see one great comedian time make amaz thriller film."" customer: ""...i love rock dog ."""
35,enter #win rock dog prize pack #giveaway end 3/9 @javajohnz http:// bit.ly/2lchswr
36,enter win #rockdog prize pack giveaway via @themommyfil @rockdogmovi ! enter? #giveaway #win
37,conoc la película que se estrenarán en #moviecent - rock dog -kong ¡te esperamos! http:// fb.me/1pbm7tub1
38,want win win $100 visa gift card + #rockdog swag ? enter win too. http:// gvwy.io/q6l5ny0
39,readi great new movie? check #rockdog win $25 visa card see film! #giveaway @tfasm http://www. javajohnz.com/2017/02/rock-d og-prize-pack-giveaway.html …
40,readi great new movie? check #rockdog win $25 visa card see film! #giveaway @tfasm http://www. talesfromasouthernmom.com/2017/02/25-vi a-card-see-new-movie-rock-dog-giveaway/ …
41,un perro va en busca de su sueño ¡acompáñalo en #rockdog ! >> https:// goo.gl/uy7q52 pic.twitter.com/d1p61phcj
42,"#win @rockdogmovi prize pack, includ $25 visa g/c @mdub70deuc (us) end 3/12 #rockdog #giveaway http://www. obviously-marvelous.com/2017/02/21/roc k-dog-printable-activities-giveaway-rockdog-312/ …"
43,like @youtub video http:// youtu.be/-zc9ovcs6fe?a experi saw rock dog
44,"#win #rockdog prize package, includ $50 visa gift card see movie! #giveaway #sweep http:// bit.ly/2ljucgt"
45,readi great new movie? check #rockdog win $25 visa card see film! #giveaway @tfasm http://www. javajohnz.com/2017/02/rock-d og-prize-pack-giveaway.html …
46,ye rock dog fan art please!!!!
47,oh yeah went @influenza1918 see rock dog monday feel good movi wasn't zootopia still good!!!!!!!
48,"#win #rockdog prize package, includ $50 visa gift card see movie! #giveaway #sweep http:// bit.ly/2ljucgt"
49,readi great new movie? check #rockdog win $25 visa card see film! #giveaway @tfasm http://www. michigansavingandmore.com/rock-dog-pr -package-giveaway-ends-39-rockdogmovie/ …
50,"#win #rockdog prize package, includ $50 visa gift card see movie! http:// bit.ly/2ljucgt"
51,readi great new movie? check #rockdog win $25 visa card see film! #giveaway @tfasm http://www. acodeza.com/2017/02/rock-d og-25-visa-card-giveaway-ends-309.html …
52,rock dog sound like cool ass movi
53,actual forgot watch rock dog yesterday
54,#win $100 visa gift card + #rockdog swag! http:// gvwy.io/oekqlda
55,"#win #rockdog prize package, includ $50 visa gift card see movie! #giveaway #sweep http:// bit.ly/2ljucgt"
56,"#win #rockdog prize package, includ $50 visa gift card see movie! http:// bit.ly/2ljucgt"
57,"#win #rockdog prize package, includ $50 visa gift card see movie! http:// bit.ly/2ljucgt"
58,"#win #rockdog prize package, includ $50 visa gift card see movie! #giveaway #sweep http:// bit.ly/2ljucgt"
59,"asked, voted! first time ever, everyon gave vote. #rockdog pic.twitter.com/eqp0qvcsfw"
60,"@voidflam nibbl nibble, rock dog"
61,#encartelera un apac joven mastín busca convertirs en músico: rock dog . http:// enfilme.com/en-cartelera/r ock-dog … pic.twitter.com/oz1jgwcshu
62,top10 logan/ larazóndeestarcontigo/ legobatman/ lagranmuralla/ elático/ rockdog / johnwick2/ 50sombrasgrey/ lalaland/ hastaúltimohombr
63,"@state_theat march movies, #adogpurpos , #loganmovi , #rockdog , #theshack . subject chang"
64,"#win @rockdogmovi prize pack, includ $25 visa g/c @mdub70deuc (us) end 3/12 #rockdog #giveaway http:// giveawaytools2.com/giveaway.php"
65,top10: logan/ fragmentado/ 50sombras/ buscandoaldemonio/ granmuralla/ lalaland/ rockdog / legobatman/ johnwick2/ larazóndeestarcontigo
66,top10 logan/ granmuralla/ fragmentado/ rockdog / puertaguerrero/ razonestarcontigo/ exorcismoannaecklund/ luzluna/ cebichetiburon/ legobatman
67,top10 logan/ lagranmuralla/ legobatman/ miamigoabulele/ 50sombrasmásoscuras/ rockdog / razondeestarcontigo/ lalaland/ aro3/ posesióndeldiablo
68,enter win $25 visa card see movi rock dog too! #giveaway ! enter here! @tfasm #rockdog http://www. lovemrsmommy.com/2017/02/25-vi a-card-rock-dog-movie-prize-pack.html …
69,enter win $25 visa card see new movi rock dog ! #giveaway @tfasm #rockdog http://www. lovemrsmommy.com/2017/02/25-vi a-card-rock-dog-movie-prize-pack.html …
70,readi great new movie? check #rockdog win $25 visa card see film! #giveaway @tfasm http://www. lovemrsmommy.com/2017/02/25-vi a-card-rock-dog-movie-prize-pack.html …
71,enter win $25 visa card see movi rock dog too! #giveaway ! enter here! @tfasm #rockdog http://www. javajohnz.com/2017/02/rock-d og-prize-pack-giveaway.html …
72,"#win #rockdog prize package, includ $50 visa gift card see movie! http:// bit.ly/2ljucgt"
73,punk rock dog
74,win rock dog $50 visa card. last day enter! https:// goo.gl/93tpru
75,"#win #rockdog prize package, includ $50 visa gift card see movie! #giveaway #sweep http:// bit.ly/2ljucgt"
76,want win win $100 visa gift card + #rockdog swag ? enter win too. http:// gvwy.io/p2l5kii
77,enter win $25 visa card see new movi rock dog ! #giveaway @tfasm #rockdog http://www. lovemrsmommy.com/2017/02/25-vi a-card-rock-dog-movie-prize-pack.html …
78,check #rockdog prize pack giveaway via @themommyfil @rockdogmovi ! enter? #giveaway #win
79,enter win #rockdog prize pack giveaway via @themommyfil @rockdogmovi ! enter? #giveaway #win
80,enter win #rockdog prize pack giveaway via @themommyfil @rockdogmovi ! enter? #giveaway #win
81,enter win $25 visa card see movi rock dog too! #giveaway ! enter here! @tfasm #rockdog http://www. lovemrsmommy.com/2017/02/25-vi a-card-rock-dog-movie-prize-pack.html …
82,enter win $25 visa card see new movi rock dog ! #giveaway @tfasm #rockdog http://www. lovemrsmommy.com/2017/02/25-vi a-card-rock-dog-movie-prize-pack.html …
83,enter win $25 visa card see movi rock dog too! #giveaway ! enter here! @tfasm #rockdog http://www. talesfromasouthernmom.com/2017/02/25-vi a-card-see-new-movie-rock-dog-giveaway/ …
84,readi great new movie? check #rockdog win $25 visa card see film! #giveaway @tfasm http://www. lovemrsmommy.com/2017/02/25-vi a-card-rock-dog-movie-prize-pack.html …
85,enter win $25 visa card see new movi rock dog ! #giveaway @tfasm #rockdog http://www. talesfromasouthernmom.com/2017/02/25-vi a-card-see-new-movie-rock-dog-giveaway/ …
86,readi great new movie? check #rockdog win $25 visa card see film! #giveaway @tfasm http://www. talesfromasouthernmom.com/2017/02/25-vi a-card-see-new-movie-rock-dog-giveaway/ …
87,readi great new movie? check #rockdog win $25 visa card see film! #giveaway @tfasm http://www. javajohnz.com/2017/02/rock-d og-prize-pack-giveaway.html …
88,"#win #rockdog prize package, includ $50 visa gift card see movie! #giveaway #sweep http:// bit.ly/2ljucgt"
89,"#promo40 ¡tenemo entradas! si quieren ir ver la nueva película rockdog , etiqueten la persona con la que les... http:// fb.me/8poxcopzn"
90,enter win $25 visa card see new movi rock dog ! #giveaway @tfasm #rockdog http://www. javajohnz.com/2017/02/rock-d og-prize-pack-giveaway.html …
91,"#win #rockdog prize package, includ $50 visa gift card see movie! #giveaway #sweep http:// bit.ly/2ljucgt"
92,"#win #rockdog prize package, includ $50 visa gift card see movie! #giveaway #sweep http:// bit.ly/2ljucgt"
93,"#win #rockdog prize package, includ $50 visa gift card see movie! #giveaway #sweep http:// bit.ly/2ljucgt"
94,rock dog bad boy - http://www. the-solute.com/rock-dog-is-a- bad-boy/ …
95,readi great new movie? check #rockdog win $25 visa card see film! #giveaway @tfasm http://www. lovemrsmommy.com/2017/02/25-vi a-card-rock-dog-movie-prize-pack.html …
96,6 7 movi theater got 90% rotten tomato boy went see rock dog yesterday pic.twitter.com/c5auswt3xt
97,i’m hope win #rockdog prize & $50 visa gift card #giveaway @classymommi
98,readi great new movie? check #rockdog win $25 visa card see film! #giveaway @tfasm http://www. lovemrsmommy.com/2017/02/25-vi a-card-rock-dog-movie-prize-pack.html …
99,"took kid see rock dog , get pic logan #loganmovi sign. https://www. instagram.com/p/bra42jkjho2/"
100,bodi quier convertirs es un rockstar #rockdog #carteleracinex https:// goo.gl/spr2qv pic.twitter.com/7gxcnofbl
101,rockdog
102,"#win #rockdog prize package, includ $50 visa gift card see movie! #giveaway #sweep http:// bit.ly/2ljucgt"
103,morn student earn 40 purpl posit behavior ticket enjoy rockdog !!
104,readi great new movie? check #rockdog win $25 visa card see film! #giveaway @tfasm http://www. javajohnz.com/2017/02/rock-d og-prize-pack-giveaway.html …
